scientific_name,description_twi
"Acalypha wilkesiana","Ɛyɛ dutan a efi Pacific Islands mpoano nsase so na ebetumi akɔ mita 1 kosi 3. Ne nhaban a ɛyɛ den no bɔ nkoekoemmoa nketewa ne nnomaa ho ban, na sɛ nhaban akɛse no hwe ase a, ɛma asase no nya ahoɔden. Wɔ Ghana, wɔde ne nhaban yɛ aduro twa ɛkuro ne honam yare ho. Nnipa dua no titiriw sɛ afɛfɛde wɔ suku ne ayaresabea afikyiri, na wobetumi de mman ayɛ mma foforo ntɛm."
"Adonidia merrillii","Ɛyɛ abɛ dua ketewa a efi Philippines na ebetumi akɔ mita 5 kosi 8. Sɛ n'aduaba yɛɛ a, ɛyɛ kɔkɔɔ, na nnomaa di, ma aba no trɛw; dua no atifi nso ma nnomaa nketewa nya baabi yɛ wɔn bere. Ne mfaso titiriw ne sɛ ɛyɛ afɛfɛde a wodua no wɔ Ghana mmeaɛ pii, ne sɛnea wɔde si Christmas afɛfɛde wɔ Philippines."
"Agave attenuata","Ɛyɛ afifide a efi Mexico bepɔw so; ne nhaban toro yɛ round-shape na ne ntrɛmu bɛyɛ mita 0.5 kosi 1.5, na sɛ ɛreyɛ nhwiren a, ne dua tumi kɔ mita 2 kosi 3. Bere a ɛyɛ nhwiren prɛko (ɛyɛ ne nkwa mu bi pɛ) no, ɛma apan, nnomaa nketewa, ne nkoekoemmoa nya nhwiren mu nsu pii. Ne nhaban a ɛyɛ den no boa ma asase a ɛyɛ mmɔbɔ anaa abo bebree so gyina hɔ yiye a ɛnhia nsu pii. Wodua no titiriw sɛ afɛfɛde wɔ suku turo mu, na eye sen Agave americana efisɛ nsosɔ ho."
"Albizia julibrissin","Ɛyɛ dua a efi Asia atɔe fam kɔsi China na ebetumi akɔ mita 5 kosi 12. Ne ntini so nkwammoaa boa ma asase no nya ahoɔden; ne nhwiren a nhwiren mu nsu wom pii no twetwe nwoawa ne aboɔpɔnkɔ, na nnomaa di n'aba. Wɔ China, wɔde ne dua akyi bɔ nsu ma nna a ɛmma yiye ne akoma mu haw; wɔde nso yɛ aduro fa honam apira ho. Wodua no titiriw sɛ sunsuma dua wɔ afɛfɛde turo mu, na wɔde ne dua sen apon ne nnwinnade nketewa."
"Albizia lebbeck","Ɛyɛ dua kɛse a efi India fam na ebetumi akɔ mita 15 kosi 30. Ne ntini so nkwammoaa ma asase nya ahoɔden; ne nhwiren huam no twetwe nwoawa ne aboɔpɔnkɔ, na nnomaa di n'aba nsina; sɛ mframa bɔ a, aba nsina no yɛ nnyigyei, ɛno na ɛma wɔfrɛ no 'Woman's Tongue' Borɔfo kasa mu. Wɔ Ghana ne Afrika Atɔe Fam nyinaa, wɔde ne dua akyi yɛ aduro ma ɛwaseɛ ne ntini mu haw; wɔde nhaban nso hwɛ ani yare. Wodua no sɛ sunsuma dua ma cocoa ne kɔfe mfuo, na wɔde ne dua sen apon ne fam adan mu nneɛma."
"Alchornea cordifolia","Ɛyɛ dutan a ɛfiri Ghana ne Afrika Atɔe Fam ankasa, na ebetumi akɔ mita 1 kosi 8. Ne nhwiren twetwe mmoa a wɔboa ma afifide nya aba, na nnomaa di n'aduaba; ɛma kwae mu nkoekoemmoa ne mmoa nketewa nya tenabea. Ɛyɛ dua a wɔfa yɛ aduro pii sen biara wɔ Afrika Atɔe Fam; wɔde nhaban, dua akyi, ne ntini yɛ aduro ma apira a ayɛ bɔne, atiridii, ne honam yare wɔ Ghana, Nigeria, ne Cameroon nyinaa. Wɔtɔn ne nhaban wɔ aduruyɛ gua so wɔ Ghana. Ɛnyin ntɛm na edi kan wɔ kwae a asɛe so."
"Aloe vera","Ɛyɛ afifide a efi Arabian mpɔtam, na ebetumi akɔ mita 0.3 kosi 1.0. Ne nhwiren ma nnomaa ne nwoawa nya nhwiren mu nsu; afifide a anya ne ho wɔ mpɔtam hɔ no boa mpɔtam hɔ nkoekoemmoa. Ne nhaban mu asuo yɛ nnuro ne ahosiesie nneɛma a wɔfa yɛ adwuma pii sen biara wiase nyinaa; wɔ Ghana, wɔde di ɔhyew apira ne honam yare ho dwuma, na wɔde nso yɛ aduro ma yafunu a ayɛ den. Ne nhaban a ɛyɛ den no boa ma asase a ɛyɛ mmɔbɔ so nnye nsu pii."
"Alternanthera dentata","Ɛyɛ afifide a efi Amerika mpɔtam a ɔyɛ hyew, na ebetumi akɔ mita 0.3 kosi 0.8. Ne nhaban a ɛyɛ den no ma nkoekoemmoa nya tenabea wɔ asase ho; ne nhwiren twetwe nwoawa nketewa ne nwansena. Ne nhaban kɔkɔɔ a ɛhyerɛn no ma wɔfa yɛ afɛfɛde a wɔdua wɔ Ghana suku ne ahɔhoɔdan turo mu; ɛboa nso ma asase a ɛda bepɔw so no ntumi nsɛe."
"Anacardium occidentale","Ɛyɛ dua a efi Brazil, na ebetumi akɔ mita 10 kosi 12 a ne mman trɛw kɛse. Ne nhwiren ma nwoawa ne aboɔpɔnkɔ nya nhwiren mu nsu pii; ne aduaba (cashew apple) ma nnomaa, apan, ne mmoa afoforo di. Ghana yɛ Africa cashew adetɔn adi kan aduonum so, na Brong-Ahafo ne Upper East mmeaɛ na wɔyɛ pii a wɔtɔn kɔ amannɔne. Wɔ Ghana, wɔde ne dua akyi bɔ nsu ma sɛ ɛse yare ne yafunu yare; wɔde aduaba nsuo nso yɛ aduro."
"Araucaria heterophylla","Ɛyɛ dua tenten a efi Norfolk Island (Pacific po no mu), na ebetumi akɔ mita 15 kosi 35, na wɔ ne kurom no, ebetumi akɔ mita 65. Ne mman a wɔahyehyɛ no afam-afam no ma nnomaa nya baabi yɛ wɔn bere; nnomaa bi nso di n'aba. Esiane ne su papa a ɛte sɛ Christmas dua no nti, wodua no wɔ afɛfɛde turo pii wɔ Ghana suku ne fie akɛse mu."
"Azadirachta indica","Ɛyɛ dua a efi India fam, na ebetumi akɔ mita 15 kosi 20, ebi kɔ mita 30. Ne dua atifi a ɛyɛ den no bɔ nnomaa ne nkoekoemmoa ho ban; ne nhwiren ma nwoawa nya nhwiren mu nsu; nhaban a ɛhwe ase no ma asase nya ahoɔden ntɛm. Ɛyɛ dua a Ghanafoɔ de yɛ aduro pii sen biara; wɔde ne dua akyi, nhaban, ne aba yɛ aduro ma atiridii, honam yare, ne mmoawa a wɔde yare ba. Neem ngo a wɔfi aba mu yi no, akuafo Ghana de kum mmoa a wɔsɛe mfuo, na UENR ne Ghana Health Service akamfo sɛ wonnua saa dua yi."
"Bambusa vulgaris","Ɛyɛ ɛserɛ dua kɛse a efi Asia apuei fam, na ebetumi akɔ mita 10 kosi 20. Ne akuw a ɛyɛ den no ma nnomaa nya baabi yɛ wɔn bere na wɔhome; ɛboa mmoa nketewa ne nkoekoemmoa, na ɛbɔ nsu kwan ho ban wɔ asubɔnten ho. Ɛyɛ Ghana nnua a mfaso wɔ so titiriw wɔ fie adansie ne nsakuu adwinnie mu; wɔde ne dua si adan, apon, ne nkɛntɛnso. Ne nkonkɔn foforo yɛ aduan pa, na ne nhaban nso yɛ mmoa aduan."
"Blighia sapida","Ɛyɛ dua a efi Ghana, Nigeria, Cameroon, ne Côte d'Ivoire, na ebetumi akɔ mita 10 kosi 20; ne din Twi mu ne Akye. Ne nhwiren ma nwoawa nya nhwiren mu nsu pii; sɛ n'aduaba bue ankasa a, nnomaa ne apan di; ɛyɛ aduan dua a ɛho hia wɔ Guinea kwae mpɔtam. ANSƐE: Sɛ wobɛdi n'aduaba mu, twɛn kosi sɛ ɛbɛbue ankasa na abere yiye; sɛ aba no mmerɛ ɛnyɛ yiye a, awuduru wom a ɛde ɔyare kɛse ba. N'aba mu de, ɛnsɛ sɛ obi di da biara. Wɔde nhaban ne dua akyi nso yɛ aduro ma yafunu yare."
"Breynia disticha","Ɛyɛ dutan a efi Pacific Islands, na ebetumi akɔ mita 0.5 kosi 2. Ne nhaban a ɛyɛ den no bɔ nkoekoemmoa ho ban; nhwiren nketewa no twetwe nwoawa nketewa. Wodua no titiriw sɛ afɛfɛde wɔ Ghana suku ne ahɔhoɔdan turo ano hyeɛ so. ANSƐE: Ebia awuduru kakraa bi wom, enti hwɛ yiye wɔ ho."
"Broussonetia papyrifera","Ɛyɛ dua a efi China, Japan, ne Korea, na ebetumi akɔ mita 10 kosi 15. N'aduaba kɔkɔɔ a ɛyɛ nam no yɛ aduan titiriw ma apan ne nnomaa; wɔahu wɔ UENR campus sɛ ɛboa apan ma wɔtrɛw aba. Ɛyɛ afifide a edi kan nya baabi wɔ asase a asɛe so. Wɔ Asia apuei fam, wɔde ne dua akyi yɛ aduro ma nsu a ɛntumi mfi mu, na wɔde nso yɛ honam apira aduro."
"Caladium spp.","Ɛyɛ afifide a efi Brazil ne Amazon mpɔtam, na ebetumi akɔ mita 0.3 kosi 0.9. Ɛboa wuram mmoa kakraa bi; wɔdua no titiriw sɛ afɛfɛde, na wɔpɛ no esiane ne nhaban kɔla ahorow nti. ANSƐE: Ne fa nyinaa yɛ awuduru kɛse. Sɛ obi di bi anaa ne nsuo ka anom hɔ a, ɛde ɔyaw kɛse ne ahonhon ba; enti fa yiye fi mmofra ne mmoa akyi."
"Calotropis procera","Ɛyɛ dutan a efi Afrika apuei atifi fam ne Middle East, na ebetumi akɔ mita 2 kosi 4. Ne nhwiren twetwe monarch nwoawa ne mmoa a wɔboa ma afifide nya aba; ɛyɛ afifide a nwoawa ahorow pii wɔ Ghana de wɔn mma nyin so. Wɔde ne dua ho ntoma pemp yɛ ahoma ne asau wɔ mmeaɛ bi. ANSƐE: Ne nsuo fufuo (latex) ne ntini yɛ awuduru kɛse; ɛnsɛ sɛ obi di da biara."
"Cananga odorata","Ɛyɛ dua a efi Philippines, Indonesia, ne Malaysia, na ebetumi akɔ mita 15 kosi 25, ebi kɔ mita 30. N'aduaba tuntum akuw yɛ aduan a ɛho hia ma nnomaa; ne nhwiren twetwe anadwo ntontom ne mmoa afoforo a wɔboa ma afifide nya aba. Ne nhwiren ngo a wɔyi fi mu no yɛ ade a mfaso wɔ so kɛse wɔ hwam nyinaa adwuma mu wiase nyinaa; Madagascar ne Indonesia yɛ mmeaɛ a wɔyɛ pii. Wɔ Asia apuei fam, wɔde nhwiren ne nhaban yɛ aduro ma atiridii."
"Canna indica","Ɛyɛ afifide a efi Mexico kɔsi South America, na ebetumi akɔ mita 1 kosi 2. Ne nhwiren akɛse a ɛyɛ fɛ twetwe nnomaa nketewa a wɔnom nhwiren mu nsu ne aboɔpɔnkɔ; ne nhaban a ɛkata asase so no ma nkoekoemmoa ne mmoa nketewa nya tenabea. Ne ntini yɛ aduan a wodi wɔ Pacific ne Amerika mmeaɛ bi; wɔde n'aba dedaw yɛ mpire adwinnie, na saa nti na wɔfrɛ no 'Indian Shot.'"
"Carica papaya","Ɛyɛ dua a efi Mexico ne Central America, na ebetumi akɔ mita 5 kosi 10. Ɛnyin ntɛm na ɛyɛ afifide a edi kan kata asase so; ne nhwiren twetwe nwoawa ne ntontom akɛse; n'aduaba ma nnomaa ne apan di. Ɛyɛ Ghana aduaba a wɔdi na wɔtɔn pii, na Brong-Ahafo yɛ mpɔtam a wɔyɛ borɔferɛ pii wɔ; papain a wɔyi fi ne nsuo mu no yɛ ade a wɔtɔn kɔ amannɔne. Wɔ Ghana, wɔde nhaban yɛ aduro ma atiridii ne mogya mu haw; ne nsuo mu enzyme boa aduan a wadi no ne yam mu adwuma."
"Casuarina equisetifolia","Ɛyɛ dua a efi Asia apuei fam, Australia, ne Pacific nsupɔw so, na ebetumi akɔ mita 15 kosi 30. Ne nkabom ne asase mu nkwammoaa no ma asase a ɛyɛ mmɔbɔ nya ahoɔden; ɛdi kan nyin wɔ asase kwa, anhwea, ne asase a asɛe so; ɛma nnomaa a wodi aba nya tenabea. Ghana de dua saa wɔ mpoano de bɔ asase ho ban fi nsu ne mframa a efi po mu ho, na wɔde ne dua sen anwa ne dua a wɔde sɔ ogya. Wɔde ne dua akyi yɛ aduro ma yafunu yare wɔ Afrika Atɔe Fam."
"Cedrela odorata","Ɛyɛ dua tenten a efi Mexico kɔsi Argentina, na ebetumi akɔ mita 20 kosi 40. Ɛnyin ntɛm, na ne dua atifi ma nnomaa ne afifide a ɛnyin nnua so nya mmoa; ɛma wuram mmoa nya tenabea a ɛho hia. Ne dua yɛ mfaso kɛse wɔ apon ne nnwinnade a ɛsom bo yɛ adwuma mu; efisɛ wɔsɛe no bebree nti, wɔahyɛ mmara de bɔ ho ban wɔ amannɔne aguadi mu. Wɔ Mexico mpɔtam, wɔde ne dua akyi yɛ aduro ma atiridii ne honam yare."
"Cereus repandus","Ɛyɛ nkyerɛnkyerɛn afifide a efi Peru, Venezuela, ne Colombia, na ebetumi akɔ mita 2 kosi 5 wɔ turo mu. Ne nhwiren a ɛbue anadwo twetwe ntontom ne apan ma wɔboa ma ɛnya aba; n'aduaba kɔkɔɔ a ɛyɛ nam no nnomaa, apan, ne mmoa di. N'aduaba dɛ na wodi (bi frɛ no pitaya), na ɛboa yafunu mu adwuma. Ennye nsu pii, enti eye ma mmeaɛ a asase yɛ mmɔbɔ."
"Citrus sinensis","Ɛyɛ dua a ebetumi akɔ mita 12, a efi China apuei fam. Ne aduaba yɛ kɔkɔɔ-akokɔsraadɛ, dɛɛdɛɛ, na Vitamin C wom pii. Wɔ Ghana, wɔde ne nhaban bɔ nsu ma atiridii ne yafunu haw. Wodi aduaba no, nom ne nsuo, anaasɛ wɔtɔn no ma sika; ne nkrataa nso ma hanini nnɔnwa. Ɛyɛ dua pa ma sunsuma wɔ fie hɔ. Nanso sɛ wonom ne nsuo pii dodo a, ebetumi ama yafunu ayɛ hu; kɔ dokita anaa oduruyɛfoɔ hɔ ansa na wode ayɛ aduro."
"Cocos nucifera","Ɛyɛ abɛ dua a ebetumi akɔ mita 20 kosi 30. Akutu tumi sensɛn nsuo so na ɛkɔ so nya nkwa wɔ po nsuo mu abosome pii, enti ɛtumi trɛw ankasa wɔ mpoano; ne nhwiren twetwe nwoawa ne nkoekoemmoa nketewa; akutu no ma akɔre ne mmoa akɛse nya aduan. Kube ho adwuma nyinaa yɛ mfaso: ne nsuo, ngo, ne mu nam yɛ aduan; ne kyɛw yɛ gyabene ne adwinnie; ne ho ntoma yɛ ahoma; ne nhaban yɛ mpuo ne adwinnie; ne dua sen apon; na ne nsuo a wobetwitwa afi mu no yɛ nsa. Wɔde ne nsuo nom hyew apira ho, na ne ngo yɛ aduro ma nwi ne honam ho."
"Codiaeum variegatum","Ɛyɛ dutan a efi India, Malaysia, ne Pacific Islands, na ebetumi akɔ mita 0.5 kosi 3. Ne nhaban a ɛyɛ den no bɔ nkoekoemmoa nketewa ho ban; nhaban kɔla hyerɛn no twetwe nnomaa ba campus turo mu; ne nhwiren twetwe nkoekoemmoa nketewa. Wɔfa no yɛ afɛfɛde a mfaso wɔ so kɛse wɔ turo adwuma mu wiase nyinaa; wɔdua no wɔ Ghana suku, ahɔhoɔdan, ne ayaresabea turo mu sɛ ban dua. ANSƐE: Ne nsuo fufuo de ɔyaw ba honam ne aniwa so."
"Cordyline fruticosa","Ɛyɛ dutan a efi Asia apuei fam ne Pacific Islands, na ebetumi akɔ mita 1 kosi 4. Ne nhwiren twetwe nwoawa ne nkoekoemmoa nketewa; nnomaa di n'aduaba; nhaban no ase a ɛyɛ den bɔ akɔre nketewa ne nkoekoemmoa ho ban. Ne ntini yɛ aduan wɔ Hawaii ne Pacific mmeaɛ bi (sɛ wɔnoa a wodi); ne nhaban nso di dwuma wɔ afahyɛ ne amammerɛ mu wɔ Pacific mmeaɛ pii."
"Delonix regia","Ɛyɛ dua a efi Madagascar, na ebetumi akɔ mita 10 kosi 18, a ne mman trɛw sen ne sorokɔ. Ne nhwiren ma nnomaa ne aboɔpɔnkɔ nya nhwiren mu nsu pii; ne nhwiren sɛnea wɔahyehyɛ no twetwe mmoa akɛse a wɔboa ma afifide nya aba; ne dua atifi te sɛ kyɛw ma nnomaa nya tenabea. Wodua no titiriw sɛ afɛfɛde dua fɛfɛɛfɛ a ne nhwiren kɔkɔɔ-akokɔsraadɛ da adi wɔ osu bere a atwam mu, ɛno na ɛyɛ dua a wohu no ntɛm wɔ Ghana suku ahorow. Wɔ Afrika Atɔe Fam, wɔde ne dua akyi yɛ aduro ma atiridii, na wɔde ntini bɔ nsu ma apɛmuka mu haw."
"Dracaena trifasciata","Ɛyɛ West Africa afifide kakraa bi mu baako, na ebetumi akɔ mita 0.5 kosi 1.5; ne nhaban gyina ntenten te sɛ nkrante firi ne ntini mu. Ne nhwiren ma ntontom nya nhwiren mu nsu anadwo; ɛwɔ Afrika Atɔe Fam kwae mpɔtam a ɛtrɛw mu. NASA nhwehwɛmu kyerɛɛ sɛ ɛyɛ ɔdɔ afifide a eyi mframa mu abɔnwene fi yiye sen biara; ennye nsu pii. Wɔdua no wɔ Ghana adan mu ne mfikyifo turo mu titiriw esiane ne su papa nti. Tete no wɔde ne nhaban yɛ ahoma ne mpre wɔ Afrika Atɔe Fam."
"Duranta erecta","Ɛyɛ dutan a efi Mexico kɔsi Brazil, na ebetumi akɔ mita 2 kosi 6. Ne nhwiren twetwe aboɔpɔnkɔ ne nnomaa nketewa a wɔnom nhwiren mu nsu; n'aduaba a ɛyɛ kɔkɔɔ ne borɔdɔma ma nnomaa ne mmoa nketewa di. Wodua no titiriw sɛ ban afɛfɛde wɔ Ghana suku turo mu; wɔfa mman a ɛyɛ nhaban ahorow no nso yɛ afɛfɛde. ANSƐE: N'aba yɛ awuduru ma nnipa ne mmoa a wɔhwɛ wɔn so; ɛnsɛ sɛ obi di."
"Dypsis lutescens","Ɛyɛ abɛ dua a efi Madagascar, na ebetumi akɔ mita 5 kosi 12, a ne nyin ka bom yɛ akuw. Ne nyin a ɛka bom no ma nnomaa nya baabi yɛ wɔn bere; n'aduaba nketewa nnomaa ne mmoa nketewa di. Wodua no titiriw sɛ afɛfɛde wɔ Ghana suku ne ahɔhoɔdan turo mu, na wɔtɔn no nso sɛ adan mu afifide kɔ amannɔne."
"Elaeis guineensis","Ɛyɛ abɛ dua a efi Guinea kɔsi Angola, na ebetumi akɔ mita 20 kosi 30. N'aduaba akuw nnomaa, apan, ne mmoa a wɔte sɛ mpaninfoɔ di; ne nhaban atifi a ɛyɛ den ma kwae mu mmoa ahorow pii nya tenabea. Abɛ ho adwuma nyinaa yɛ mfaso wɔ Ghana: ne ngo kɔkɔɔ yɛ aduane nnoa ngo titiriw, ne aba mu ngo, ne nhaban yɛ mpuo, ne dua sen apon, na wɔtwitwa ne dua mu nsuo nya nsafufuo. Wɔde abɛ ngo ne nhaban yɛ aduro ma honam apira, na wɔnom nsafufuo no sɛ aduro a ɛma ahoɔden."
"Enterolobium cyclocarpum","Ɛyɛ dua kɛse a efi Mexico kɔsi Venezuela, na ebetumi akɔ mita 25 kosi 35 a ne mman trɛw kɛse. Ne dua atifi kɛse no ma wuram mmoa nya tenabea pii; ne ntini so nkwammoaa boa ma asase nya ahoɔden; n'aba nsina akɛse a ɛte sɛ aso no nnomaa ne mmoa di. Wɔde ne dua sen apon, na n'aba nsina yɛ mmoa aduan ne samina a wɔyɛ no wɔ afikyiri. Wɔ Central America, wɔde ne dua akyi ne aba nsina yɛ aduro ma ahome mu yare ne honam yare."
"Eucalyptus sp.","Ɛyɛ dua a efi Australia, na ebetumi akɔ mita 15 kosi 50 sɛnea n'abusuakuw te. Ne nhwiren no ma nhwiren mu nsu pii na ɛtwetwe nwoawa ne nnomaa wɔ ahorow bi mu; nneɛma bi a ɛwɔ nhaban mu si afifide a ɛyɛ kurom a ɛwɔ dua no ase kwan. Ghana de dua saa yɛ apon adwinnie ne nkrataa mfuo wɔ Brong-Ahafo mpɔtam. Eucalyptus ngo a wɔyi fi nhaban mu no yɛ ade a wɔfa yɛ aduro pii wiase nyinaa; wɔ Ghana, wɔde di ahome mu yare ne honam mu ɔyaw ho dwuma."
"Euphorbia milii","Ɛyɛ dutan a efi Madagascar, na ebetumi akɔ mita 0.5 kosi 1.8. Ne nhwiren te sɛ nhwiren a ɛkɔ so afe mu nyinaa no twetwe nwoawa ne nkoekoemmoa nketewa ma wɔnya nhwiren mu nsu; ɛma afɛfɛde kɔla kɔ so afe mu nyinaa. Esiane ne nsɔe a ɛwɔ ne dua ho nti, wɔfa no yɛ ban wɔ afie ho, na ɛnhia hwɛ pii. ANSƐE: Ne nsuo fufuo de ɔyaw kɛse ba honam ne aniwa so; ɛnsɛ sɛ obi di ne fa biara."
"Ficus benjamina","Ɛyɛ dua a efi Asia anafo fam kɔsi Australia, na ebetumi akɔ mita 10 kosi 25, na sɛ wɔdua no turo mu a, ɛyɛ ketewa. Ne borɔdɔma te sɛ n'aduaba ma nnomaa, apan, ne mmoa a wodi n'aduaba nya aduan; ne dua atifi a ɛyɛ den ma wuram mmoa nya tenabea afe mu nyinaa; nkabom a ɛda fig ne ntɔntɔmma ntam no boa ma ɛnya aba. Wodua no titiriw sɛ afɛfɛde dua wɔ Ghana suku, na wodua no nso wɔ adan mu sɛ ahwɛde afifide. Wɔ Asia, wɔde ne dua akyi ne nhaban yɛ aduro ma atiridii ne ɔyaw."
"Ficus exasperata","Ɛyɛ fig abusua mu dua titiriw a efi Afrika Atɔe Fam, na ebetumi akɔ mita 20 kosi 30. Ne aduaba yɛ aduan a ɛho hia ma nnomaa, apan, ne mmoa a wɔte sɛ mpaninfoɔ; UENR campus nhwehwɛmu akyerɛ sɛ apan pii di n'aba na wɔboa ma ɛtrɛw. Ɛdi kan boa kwae a asɛe so san nyin. Ghana, wɔde nhaban ma mmoa aduan; Nigeria nso, wɔde nhaban boa abɛ ngo ho adwuma. Wɔ Ghana, wɔde nhaban ne dua akyi yɛ aduro ma mogya mmoroso ne yafunu haw; tete no, nhaban no yɛ den te sɛ nkanyare enti wɔde twitwa nnua ho ne hohoro nkuku ho."
"Ficus microcarpa","Ɛyɛ fig abusua mu dua a efi India kɔsi China anafo fam, Asia apuei fam, ne Australia, na ebetumi akɔ mita 15 kosi 25 a ne ntini a ɛsian firi mman mu trɛw kɛse. Ne aduaba yɛ aduan titiriw ma nnomaa, apan, ne mmoa a wodi n'aduaba; ntini a ɛsian fi mman mu no yɛ tenabea nketewa ahorow ma mmoawa. Nkabom a ɛda fig ne ntɔntɔmma ntam no yɛ akwan a afifide de boa ma ɛnya aba a anya nkɔso kɛse wɔ afifide ahenni mu. Ɛyɛ dua titiriw a wodua no wɔ Ghana mmeaɛ pii sɛ abɔntene sunsuma dua, na wɔfa ketewa bi nso yɛ bonsai wɔ adan mu. Wɔ Asia, wɔde ne dua akyi ne nhaban yɛ aduro ma ɔyaw ne atiridii."
"Furcraea foetida","Ɛyɛ afifide a efi Caribbean ne South America atifi fam, na ne nhaban toro trɛw bɛyɛ mita 1 kosi 2, na sɛ ɛreyɛ nhwiren a ne dua betumi akɔ mita 7.5. Ne nhwiren dua ma apan ne nkoekoemmoa akɛse nya nhwiren mu nsu; sɛ ɛyɛ nhwiren wie a, ɛyɛ mma nketewa pii a ɛboa ma ɛtrɛw. Ne nhaban mu ahoma yɛ den, na tete no wɔde yɛ ahoma ne ntoma; nnɛ, wɔdua no titiriw sɛ afɛfɛde wɔ Ghana suku turo mu."
"Gliricidia sepium","Ɛyɛ dua a efi Central America ne Mexico mpoano, na ebetumi akɔ mita 10 kosi 15. Ne ntini so nkwammoaa boa ma asase nya ahoɔden; wɔ ɔpɛ bere a afifide kakraa bi yɛ nhwiren no, ne nhwiren twetwe nwoawa ne aboɔpɔnkɔ; mman a wɔatwa no kata asase so na ɛboa ma asase yɛ frɔmfrɔm. Ɛyɛ Ghana dua a wɔdua no sɛ ban ne sunsuma dua ma cocoa titiriw sen biara; wɔde ne nhaban nso yɛ nitrogen a asase hia. Wɔ Ghana, wɔde ne dua akyi kum mmoa a wɔsɛe aduan, na wɔde nhaban gu honam so ma honam yare a mmoawa de ba."
"Gmelina arborea","Ɛyɛ dua a efi India, Myanmar, ne Thailand, na ebetumi akɔ mita 8 kosi 30. Ɛnyin ntɛm na ɛboa nnomaa ne nkoekoemmoa; ne nhwiren twetwe nwoawa ansa na nhaban afi; nhaban a ɛhwe ase no ma asase nya ahoɔden ntɛm. Ɛyɛ Ghana dua a wɔdua no pii ma nkrataa mfuo, nnwinnade, ne adansie; ɛyɛ dua a mfaso wɔ so kɛse wɔ Ghana kwae dua mfuo mu. Wɔ Afrika Atɔe Fam nyinaa, wɔde ne dua akyi, nhaban, ne ntini yɛ aduro ma atiridii ne ɔyaw."
"Griffonia simplicifolia","Ɛyɛ dutan a ɛforo nnua a efi Ghana, Côte d'Ivoire, Nigeria, Togo, ne Cameroon, na ebetumi akɔ mita 2 kosi 4. Wɔahu no wɔ UENR bat sanctuary sɛ afifide a ɛdɔɔso; aba nsina no ma nnomaa ne apan nya aduan; ne nyin a ɛforo nnua no boa kwae a asɛe so san nyin. Ghana yɛ ɔman a odi kan wɔ wiase mu de Griffonia aba ma amanɔne aduro adwuma; aba no yiyi yɛ sika a ɛboa kwae mu nkurɔfoɔ pii. Aba mu nneɛma a wɔyi fi mu no boa nna a ɛmma yiye, awerɛhow, ne obi a ɔnnyɛ n'ani mmoroso; tete nso wɔde di apira ho dwuma."
"Hibiscus rosa-sinensis","Ɛyɛ dutan a efi China ne India, na ebetumi akɔ mita 1 kosi 5. Ne nhwiren akɛse a ɛte sɛ torobɛntɔ twetwe nnomaa, aboɔpɔnkɔ, ne nwoawa; ɛyɛ afɛfɛde afifide a ɛma nkoekoemmoa a wɔboa ma afifide nya aba wɔ campus nya nhwiren mu nsu bebree. Wodua no titiriw sɛ ban dua wɔ Ghana suku mu; ɛyɛ Malaysia man nhwiren, na ɛwɔ afifide foforo mpempem pii a wɔadua afi mu. Wɔ Ghana, wɔde ne nhwiren ne nhaban yɛ aduro ma atiridii; wɔde nso hyɛ tirinwi den, na wɔde di honam yare ho dwuma."
"Ixora coccinea","Ɛyɛ dutan a efi India, Sri Lanka, ne Malaysia, na ebetumi akɔ mita 1 kosi 3. Ne nhwiren a ɛte sɛ kotoku no yɛ nhwiren mu nsu fibea titiriw ma nnomaa, aboɔpɔnkɔ, ne nwoawa; ne nhaban a ɛyɛ den bɔ nnomaa nketewa ne nkoekoemmoa ho ban. Wodua no titiriw sɛ ban afɛfɛde wɔ Ghana suku, ahɔhoɔdan, ne ayaresabea turo mu, efisɛ ne nhwiren kɔ so afe mu nyinaa. Wɔ India, wɔde ntini, nhaban, ne nhwiren yɛ aduro ma yafunu yare ne honam yare."
"Jatropha curcas","Ɛyɛ dutan anaa dua ketewa a efi Mexico ne Central America, na ebetumi akɔ mita 3 kosi 5. Ne nhwiren twetwe nwoawa ne aboɔpɔnkɔ; ɛyɛ afifide a ɛnyin ntɛm na ɛdi kan kɔ asase a asɛe so. Ghana Energy Commission akamfo sɛ wonnua saa dua yi ma biofuel adwuma; Brong-Ahafo mpɔtam na wɔyɛ mmɔdenbɔ pii wɔ ho. ANSƐE: N'aba yɛ awuduru kɛse; sɛ obi di a, ɛde yare kɛse ba; ɛnsɛ sɛ obi di da biara. Wɔde n'aba mu ngo yɛ aduro ma yafunu ne honam yare wɔ Afrika Atɔe Fam."
"Lagerstroemia speciosa","Ɛyɛ dua a efi India, Malaysia, Philippines, ne Sri Lanka, na ebetumi akɔ mita 10 kosi 20. Bere a osu bere no du ne mpɔtam no, ne nhwiren ma nwoawa ne aboɔpɔnkɔ nya nhwiren mu nsu pii; nhaban no hwe ase wɔ mmere bi mu na ɛboa ma asase nya ahoɔden. Wodua no titiriw sɛ afɛfɛde ne dua a wɔde sen apon wɔ Afrika Atɔe Fam, na ne nhwiren bunkam a ɛda adi bere osu tɔ mu no ma ɛyɛ dua a wohu no ntɛm wɔ Ghana suku. Wɔ Asia apuei fam, wɔde nhaban yɛ aduro ma asikyireyareɛ; wɔde dua akyi nso yɛ aduro ma yafunu yare."
"Leucaena leucocephala","Ɛyɛ dua a efi Mexico ne Central America atifi fam, na ebetumi akɔ mita 5 kosi 10. Ne ntini so nkwammoaa boa ma asase nya ahoɔden; ɛnyin ntɛm na ɛdi kan kɔ asase a asɛe so. Ɛyɛ dua a mfaso wɔ so kɛse wɔ akuadwuma mu wiase nyinaa; wɔde nhaban ma mmoa aduan, dua sɔ ogya, ne ban wɔ Ghana Atifi fam ne Brong-Ahafo mpɔtam. Wɔ Afrika Atɔe Fam, wɔde ne dua akyi ne ntini bɔ nsu ma ɔyaw mu haw; nanso n'aba nni mmoa a wonnuruye ho enti hwɛ yiye wɔ mmoa aduan mu."
"Mangifera indica","Ɛyɛ dua a efi South Asia, na ebetumi akɔ mita 10 kosi 30. N'aduaba ma nnomaa ne apan di; ne dua atifi bɔ campus wuram mmoa ho ban. Ɛyɛ Ghana aduaba a edi kan aba mmiɛnsa mu, na Brong-Ahafo Mantam yɛ mpɔtam titiriw a wɔyɛ pii wɔ. Wɔ Ghana, wɔde nhaban yɛ aduro ma asikyireyareɛ; ne dua akyi nso wɔ nnuro a ɛku mmoawa mu tumi."
"Manihot esculenta","Ɛyɛ dutan a efi Brazil ne Paraguay, na ebetumi akɔ mita 1 kosi 3. Ɛnyin ntɛm na ɛboa ma asase kwa gyina pintinn; ne ntini mpɔtam boa asase mu mmoa nketewa ahorow; ɛyɛ aduan nnɔbae a etumi gyina ɔpɛ ano paa wɔ wiase. Ɛyɛ Ghana aduan titiriw a wɔyɛ gari, fufu, ne tapioka fi mu, na ɛyɛ Brong-Ahafo akuafo aduan a ɛho hia paa. Wɔ Afrika Atɔe Fam, wɔde nhaban yɛ aduro ma tiri yaw, atiridii, ne mogya mmoroso; wɔde ntini nso gu apira so. ANSƐE: Ntini ne nhaban a wɔnnoae yɛ awuduru; ɛsɛ sɛ wɔnoa yiye ansa na wɔadi."
"Mimosa pudica","Ɛyɛ afifide a efi Amerika mpɔtam a ɔyɛ hyew, na ebetumi akɔ mita 0.3 kosi 0.5, na ɛtrɛw fam. Ne nhwiren twetwe nwoawa nketewa; ɛdi kan kɔ asase a asɛe so; ne ntini so nkwammoaa boa ma asase nya ahoɔden. Sɛ woka ne nhaban a, ɛbɔ mu ntɛm; saa su yi ma UENR asuafo hu afifide su nhyehyɛe wɔ ani so ntɛm. Wɔ Ghana ne Afrika Atɔe Fam, wɔde ntini ne nhaban yɛ aduro ma apira ne obi a ɔnna."
"Monoon longifolium","Ɛyɛ dua tenten a ne mu yɛ teateaa, a efi India ne Sri Lanka, na ebetumi akɔ mita 12 kosi 30. Ne tenten no ma campus afifide ne mmoa mpɔtam nya nhyehyɛe a ɛforo soro; nnomaa ne nkoekoemmoa nketewa de ne dua atifi yɛ wɔn bere na wɔhome. Wodua no titiriw sɛ abɔntene sunsuma dua wɔ Ghana suku mu efisɛ ɛyɛ teateaa na etumi gyina wusiw ano. Wɔ India, wɔde ne dua akyi ne nhaban yɛ aduro ma atiridii ne honam yare."
"Moringa oleifera","Ɛyɛ dua a efi India, Pakistan, ne Nepal, na ebetumi akɔ mita 5 kosi 12. Ne nhwiren a nhwiren mu nsu wom pii twetwe nwoawa ne aboɔpɔnkɔ; ɛnyin ntɛm na ɛkata asase so ntɛm. Wɔfrɛ no 'anwonwa dua' efisɛ n'aba yɛ ngo a wɔde noa aduan anaa yɛ ahosiesie, na ne nhaban yɛ aduan ne mmoa aduan; Ghana Kuadwumayɛ Ntontobɔ Adwuma hyɛ akuafo nkuran sɛ wonnua wɔ Brong-Ahafo. Ne nhaban wɔ Vitamin C sen ankaa mu, na kalsium sen nufusuo mu; wɔde di atiridii, mogya kokoo a ɛsua, ne asikyireyareɛ ho dwuma wɔ Ghana aduruyɛ mu."
"Musa × paradisiaca","Ɛyɛ afifide a efi Asia apuei fam ne Pacific, na ne dua betumi akɔ mita 3 kosi 9. Nhaban ne dua ntam a ɛporɔw no yɛ tenabea nketewa ma nkoekoemmoa ne asase mu mmoa; nhwiren mu nsu twetwe nnomaa ne apan. Ɛyɛ Ghana aduan a wodi sen biara sɛ kelewele, ampesi, ne fufu, ɛyɛ Brong-Ahafo nnuan a ɛho hia paa wɔ amammerɛ mu. Wɔ Ghana, wɔde nhaban gu apira so; sɛ aduaba no bere a, wodi ma yafunu mu akuru ne yafunu yare tɔ."
"Nerium oleander","Ɛyɛ dutan a efi Mediterranean mpɔtam kɔsi India, na ebetumi akɔ mita 2 kosi 6. Ɛwom sɛ afifide no yɛ awuduru de, ne nhwiren twetwe aboɔpɔnkɔ ne nwoawa; ne nhaban a ɛyɛ den na ɛyɛ ahabammono bere nyinaa kata ade so. Wodua no titiriw sɛ ban dua wɔ Ghana suku turo mu esiane sɛ etumi gyina wusiw ne osu a enni mu ano. ANSƐE: Ne fa nyinaa yɛ awuduru kɛse ma nnipa, mmoa, ne anantwi, mpo wusiw a efi mu reyɛ ogya no yɛ awuduru. Mfa nsa nkame na wɔanhyɛ nsa dan; ɛnsɛ sɛ obi de yɛ aduro da biara."
"Newbouldia laevis","Ɛyɛ dua a efi Senegal kɔsi Congo, a Ghana ka ho, na ebetumi akɔ mita 7 kosi 20. Ɛdɔɔso paa wɔ UENR bat sanctuary; ne nhwiren twetwe nnomaa ne nwoawa; ɛnyin ntɛm na ɛdi kan wɔ kwae a asɛe so san nyin. Wɔde sisi afie ntanoa, na wɔde ne dua a ogya nnye no yɛ apon; ɛyɛ dua a wɔde si mmusua ahye so wɔ Ghana ne Afrika Atɔe Fam mmeaɛ pii. Ɛyɛ aduro dua titiriw wɔ Ghana ne Afrika Atɔe Fam; wɔde ne dua akyi, ntini, ne nhaban yɛ aduro ma nna, atiridii, honam yare, ne yafunu mu haw."
"Persea americana","Ɛyɛ dua a efi Mexico ne Central America, na ebetumi akɔ mita 10 kosi 20. Ne nhwiren twetwe nwoawa ma wɔboa ma ɛnya aba; tete no, mmoa akɛse a wɔn ase atɔre na wɔtrɛw n'aduaba a ɛyɛ nam no; nnɛ nnipa na wɔtrɛw no. Ɛyɛ Ghana aduaba a wɔredi mmɔdenbɔ akɛse wɔ so wɔ Brong-Ahafo ne Apuei fam, na wɔretɔn kɔ Europe daa. N'aduaba wɔ srade pii sen aduaba biara, na Vitamin E ne K wom pii; wɔ Ghana, wɔde nhaban yɛ aduro ma mogya mmoroso ne bo mu abo."
"Platycladus orientalis","Ɛyɛ dua a efi China ne Iran atifi fam, na ebetumi akɔ mita 5 kosi 15. Ne nhaban a ɛyɛ den na ɛyɛ ahabammono bere nyinaa bɔ nnomaa nketewa ho ban afe mu nyinaa; nnomaa bi di n'aba. Wodua no titiriw sɛ afɛfɛde wɔ Ghana suku ne turo mu esiane ne bɔbea papa nti; ɛyɛ dua a etumi gyina osukɔm mu. Wɔ China, mfeɛ mpempem pii ni, wɔde n'aba yɛ aduro ma nna a ɛmma yiye ne akoma mu haw."
"Plumeria pudica","Ɛyɛ dutan a efi Panama, Colombia, ne Venezuela, na ebetumi akɔ mita 3 kosi 4. Ne nhwiren a ɛyɛ huam twetwe ntontom ne aboɔpɔnkɔ ma wɔboa ma ɛnya aba; ɛyɛ nhwiren afe mu nyinaa na ɛma nhwiren mu nsu ba daa. Wodua no titiriw sɛ afɛfɛde dua wɔ Ghana ahɔhoɔdan ne suku turo mu esiane ne nhwiren fitaa a ɛda adi afe mu nyinaa ne sɛ etumi gyina osukɔm mu. ANSƐE: Ne nsuo fufuo de ɔyaw ba honam so, na sɛ obi di a, ɛyɛ awuduru."
"Polyscias fruticosa","Ɛyɛ dutan a efi India kɔsi Polynesia, na ebetumi akɔ mita 2 kosi 5. Nwoawa nketewa ne nwansena boa ma nhwiren a ɛnyɛ fɛ kɛse no nya aba; sɛ n'aduaba tuntum a ɛyɛ kɔkɔɔ-tuntum ba a, nnomaa di. Wodua no titiriw sɛ afɛfɛde wɔ Ghana suku turo mu, na wɔfa nso yɛ bonsai adan mu. Wɔ Asia apuei fam ne Afrika Atɔe Fam, wɔde nhaban ne ntini yɛ aduro ma yafunu yare ne honam yare. ANSƐE: Ebia awuduru kakraa bi wom ma mmoa a wɔhwɛ wɔn so."
"Pongamia pinnata","Ɛyɛ dua a efi Asia apuei fam ne Australia atifi fam, na ebetumi akɔ mita 15 kosi 25. Ne nhwiren ma nwoawa nya nhwiren mu nsu pii; ne dua atifi a ɛtrɛw ma nnomaa nya tenabea; ne ntini so nkwammoaa boa ma asase nya ahoɔden. Ɛyɛ dua a mfaso wɔ so kɛse wɔ biofuel adwuma mu; wɔde n'aba mu ngo yɛ ade a ɛboa ogya sɔ mu, na wodua no sɛ sunsuma dua ma cocoa ne kɔfe wɔ Ghana. Wɔ India, wɔde n'aba mu ngo yɛ aduro ma honam yare."
"Ricinus communis","Ɛyɛ dutan a efi Afrika Apuei fam ne Middle East, na ebetumi akɔ mita 1 kosi 5, na wɔ mmeaɛ bi a ɔhyew wɔ pii no, ebetumi akɔ mita 12. Ɛnyin ntɛm na ɛdi kan kɔ asase a asɛe so; sɛ aba nsina no wu na ɛyow a, ɛma aba no tu fi mu gu ntɛm ma ɛkata asase so. Castor ngo yɛ ade a wodi dwuma wɔ wiase nyinaa wɔ ogodua, plastik, ne aduro adwuma mu; Ghana Atifi fam wɔ castor mfuo ketewa bi. Wɔ Ghana, wɔde n'aba mu ngo di yafunu haw ho dwuma. ANSƐE: N'aba yɛ awuduru kɛse; ɛnsɛ sɛ obi di aba mono biara."
"Senna siamea","Ɛyɛ dua a efi Thailand ne Indonesia, na ebetumi akɔ mita 10 kosi 15. Ɔpɛ bere mu no, ne nhwiren ma nwoawa ne aboɔpɔnkɔ nya nhwiren mu nsu; wɔahu no wɔ UENR bat sanctuary, na ɛboa ma campus wuram mmoa ahorow dɔɔso. Ɛyɛ sunsuma dua titiriw ma cocoa ne kɔfe mfuo wɔ Ghana; wɔde sɔ ogya, yɛ gyabene, ne apon; ɛyɛ Ghana abɔntene ne sunsuma dua a wodua no pii sen biara. Wɔ Ghana ne Afrika Atɔe Fam, wɔde nhaban ne dua akyi yɛ aduro ma yafunu haw ne obi a ɔnna."
"Solanum torvum","Ɛyɛ dutan a efi Amerika mpɔtam a ɔyɛ hyew, na ebetumi akɔ mita 1 kosi 4. Ne nhwiren twetwe aboɔpɔnkɔ; nnomaa di n'aduaba na ɛboa ma aba trɛw; ɛdi kan kɔ asase a asɛe so. Wɔde n'aba amono nketewa yɛ nnuan wɔ Ghana ne Afrika Atɔe Fam aduannoa mu, titiriw wɔ nkwan ne aduane a wɔnoa mu. Wɔ Ghana, wɔde aba yɛ aduro ma asikyireyareɛ, mogya mmoroso, ne mogya kokoo a ɛsua. ANSƐE: Sɛ aba no mmerɛ a wonnoae a, ɛde yafunu haw ba; ɛsɛ sɛ wɔnoa ansa na wɔadi."
"Spathodea campanulata","Ɛyɛ dua a efi Senegal kɔsi Uganda, na ebetumi akɔ mita 7 kosi 25, ebi kɔ mita 35. Ne nhwiren akɛse a ɛyɛ fɛ ma nnomaa, nnomaa akɛse, ne aboɔpɔnkɔ nya nhwiren mu nsu pii; nsuo a ɛboaboa ano wɔ nhwiren aba nketewa mu no, mfroɔ ne nkoekoemmoa de yɛ adwuma. ANSƐE: Ne nhwiren mu nsu yɛ awuduru ma aboɔpɔnkɔ bi. Ɛyɛ dua a wodua no wɔ Ghana suku turo mu esiane ne nhwiren a ɛyɛ fɛ. Wɔ Afrika Atɔe Fam, wɔde ne dua akyi yɛ aduro ma nsu-kwan mu haw ne atiridii."
"Sphagneticola trilobata","Ɛyɛ afifide a efi Mexico, Central America, ne Caribbean, na ebetumi akɔ mita 0.15 kosi 0.3, na ɛtrɛw fam. Ne nhwiren twetwe nwoawa nketewa ne aboɔpɔnkɔ; ɛyɛ ntama a ɛyɛ den kata asase so na ɛma afifide a ɛyɛ kurom ntumi nyin. IUCN akyerɛ sɛ ɛyɛ wiase afifide amannɔne a ɛtrɛw bɔne no 100 no mu baako, enti sɛ wɔanhwɛ so a, etumi tu wura foforo aso. Wɔfa no yɛ turo asase a ɛnhia hwɛ pii wɔ Ghana suku mu; ebi de nhaban yɛ aduro ma honam yare."
"Syzygium jambos","Ɛyɛ dua a efi India ne Malaysia, na ebetumi akɔ mita 7 kosi 15. Ne nhwiren a ɛyɛ cream na ɛte sɛ pom-pom twetwe nwoawa ne aboɔpɔnkɔ; nnomaa ne apan di n'aduaba na ɛboa ma aba trɛw. N'aduaba yɛ dɛ na ɛte sɛ rose hua, na wodi no amono anaa wɔde yɛ nsuo, jelly, ne jam; wɔtɔn no wɔ Ghana gua ase. Wɔ Asia, wɔde nhaban ne dua akyi yɛ aduro ma asikyireyareɛ ne yafunu yare."
"Syzygium myrtifolium","Ɛyɛ dutan a efi Malay Peninsula ne Indonesia, na ebetumi akɔ mita 2 kosi 5. Ne nhwiren twetwe nwoawa ne aboɔpɔnkɔ; ne nhaban a ɛyɛ den bɔ nnomaa nketewa ho ban. Wodua no titiriw sɛ ban dua fɛfɛɛfɛ wɔ Ghana suku mu esiane ne nhaban foforo kɔkɔɔ a ɛda adi no; ɛyɛ dua foforo koraa a ɛnyɛ Syzygium jambos."
"Tectona grandis","Ɛyɛ dua a efi India kɔsi Asia apuei fam, na ebetumi akɔ mita 20 kosi 40. Ɛma nnomaa ne nkoekoemmoa nya baabi yɛ wɔn bere; teak mfuo a ɛwɔ Ghana Brong-Ahafo boa asase mu mmoa ahorow na ɛyɛ akwan a wuram mmoa fa so. Ɛyɛ dua a ne dua yɛ mfaso kɛse sen biara wiase nyinaa; Ghana wɔ teak mfuo akɛse wɔ Brong-Ahafo Mantam a wɔyɛ dua a ɛsom bo de tɔn kɔ amannɔne. Wɔ Afrika Atɔe Fam, wɔde nhaban yɛ aduro ma atiridii, na wɔde dua akyi yɛ aduro ma ahome mu yare."
"Terminalia catappa","Ɛyɛ dua a efi Asia apuei fam ne Pacific Islands, na ebetumi akɔ mita 15 kosi 30. Nnomaa, apan, ne mmoa di n'aduaba na ɛboa ma aba no trɛw; ne dua atifi a ɛyɛ afam-afam ma wuram mmoa nya tenabea ahorow. Wodua no titiriw sɛ sunsuma dua wɔ Ghana suku mu; n'aba mu aba yɛ dɛ na wodi sɛ ɛbere a; Asia mmeaɛ bi de ne nhaban a ahwe ase gu nsuo mu ma nsuo no yɛ pa ma mpataa turo. Wɔ Ghana, wɔde nhaban yɛ aduro ma apira ne honam yare."
"Terminalia mantaly","Ɛyɛ dua a efi Madagascar, na ebetumi akɔ mita 10 kosi 20. Ne mman a ɛyɛ afam-afam na ɛtrɛw kɔ nkyɛn no ma nnomaa nya baabi yɛ wɔn bere; nhaban atifi biara ase ma sunsuma a wɔahyehyɛ. Wodua no titiriw sɛ abɔntene ne sunsuma dua wɔ Ghana suku mu esiane ne mman a wɔahyehyɛ afam-afam fɛfɛɛfɛ nti. Wɔ Cameroon ne Madagascar, wɔde ne dua akyi ne nhaban yɛ aduro ma apira ne honam yare."
"Tetrapleura tetraptera","Ɛyɛ dua a efi Senegal kɔsi Congo, a Ghana ka ho, na ebetumi akɔ mita 20 kosi 25. Ne dua atifi boa nnomaa, apan, ne nkoekoemmoa; ne nhwiren twetwe mmoa a wɔboa ma afifide nya aba; nnomaa ne apan di n'aduaba. Wɔfrɛ no Prɛkɛsɛ wɔ Twi kasa mu. N'aba yɛ nnuan a wɔde yɛ nkwan, aduannoa, ne nsa wɔ Ghana; aba ne dua akyi wɔ aduro gua kɛse wɔ Sunyani ne Bono Ahafo. Wɔ Ghana, wɔde aba ne aba mu ntini yɛ aduro ma ɔbaa a wawo akyi ho ahoɔden, ntwaso, mogya mmoroso, ne home mu haw."
"Tradescantia pallida","Ɛyɛ afifide a efi Mexico Gulf mpoano, na ebetumi akɔ mita 0.3 kosi 0.6, na ɛtrɛw fam. Ɛnyin fam na ɛkata asase so, na ɛbɔ asase ani ho ban fi nsuo a ɛkɔfa dɔteɛ; ne nhwiren twetwe nwoawa nketewa. Wodua no titiriw sɛ turo asase afɛfɛde wɔ Ghana suku mu efisɛ ennye nsu pii, na ne nhaban bere-tuntum no yɛ fɛ."
"Tradescantia spathacea","Ɛyɛ afifide a efi Mexico anafo fam, Guatemala, ne Belize, na ebetumi akɔ mita 0.2 kosi 0.3. Ɛyɛ ntama a ɛyɛ den kata asase so fam; ɛboa wuram mmoa kakraa bi pɛ; ne nyin a ɛyɛ tiawa si nwura kwan yiye. Wodua no titiriw sɛ turo asase wɔ Ghana suku ne ahɔhoɔdan mu efisɛ ennye nsu anaa aduan pii; ne nhaban ase bere-tuntum ma ɛyɛ soronko wɔ turo nhyehyɛe mu."
"Vitex trifolia","Ɛyɛ dutan a efi India kɔsi Australia, na ebetumi akɔ mita 1 kosi 4, na ebi kɔ mita 8. Ne nhwiren twetwe nwoawa ne aboɔpɔnkɔ; etumi gyina nkyene ano na ɛboa mpoano afifide; nhaban no ma aboɔpɔnkɔ mma bi nya aduan. Ɛyɛ aduro afifide a ɛho hia wɔ Ghana ne Afrika Atɔe Fam aduruyɛ mu; wɔde nhaban, aduaba, ne ntini yɛ aduro ma tiri yaw, atiridii, ne ɔyaw."
"Voacanga africana","Ɛyɛ dua ketewa a ɛwɔ kwae a asan nyin ano, a efi Ghana, Nigeria, Cameroon, ne Côte d'Ivoire, na ebetumi akɔ mita 3 kosi 6. Ne nhwiren twetwe mmoa a wɔboa ma afifide nya aba; nnomaa ne apan di n'aduaba na ɛboa ma aba trɛw. Ghana yɛ ɔman a odi kan wɔ wiase mu de Voacanga aba tɔn kɔ aduro adwumakuw amannɔne. Wɔ Ghana, wɔde dua akyi, ntini, ne aba yɛ aduro ma atiridii, yafunu haw, ne akoma mu haw; nnuro a wɔyi fi aba mu no boa aduro a wɔde sa nna a ɛmma yiye ne obonsam sunsum yare yɛ."
"Zea mays","Ɛyɛ afifide a efi Mexico, na ebetumi akɔ mita 1 kosi 4. Ne pollen ma nkoekoemmoa ahorow pii nya aduan; bere a ɛyɛ ɔpɛ no, dua a ayow no bɔ mmoa nketewa ne nkoekoemmoa ho ban. Ɛyɛ Ghana aburow a edi kan sen biara; ɛyɛ ade titiriw a wɔde yɛ kenkey, banku, ne tuo zaafi; Atifi fam ne Brong-Ahafo na wɔyɛ pii wɔ. Wɔ Ghana, wɔde n'akyi a ɛwɔ aba no ho no yɛ aduro ma nsu-kwan mu haw."
